{
   "1": {
      "1st Round": {
         "16": 0.9930555555555556
      },
      "2nd Round": {
         "8": 0.8028169014084507,
         "9": 0.9166666666666666
      },
      "Sweet Sixteen": {
         "4": 0.7272727272727273,
         "5": 0.8181818181818182,
         "12": 1.0,
         "13": 1.0
      },
      "Regional Finals": {
         "2": 0.48936170212765956,
         "3": 0.6153846153846154,
         "6": 0.8,
         "7": 1.0,
         "10": 0.8,
         "11": 0.5
      }
   },
   "2": {
      "1st Round": {
         "15": 0.9375
      },
      "2nd Round": {
         "7": 0.6867469879518072,
         "10": 0.6538461538461539
      },
      "Sweet Sixteen": {
         "3": 0.6222222222222222,
         "6": 0.7931034482758621,
         "11": 0.8235294117647058
      },
      "Regional Finals": {
         "1": 0.5106382978723404,
         "4": 0.3333333333333333,
         "5": 0.0,
         "8": 0.4,
         "9": 0.0,
         "12": 0.0
      }
   },
   "3": {
      "1st Round": {
         "14": 0.8472222222222222
      },
      "2nd Round": {
         "6": 0.6081081081081081,
         "11": 0.625
      },
      "Sweet Sixteen": {
         "2": 0.37777777777777777,
         "7": 0.6,
         "10": 0.6923076923076923,
         "15": 1.0
      },
      "Regional Finals": {
         "1": 0.38461538461538464,
         "4": 0.4,
         "5": 0.6666666666666666,
         "8": 1.0,
         "9": 1.0
      }
   },
   "4": {
      "1st Round": {
         "13": 0.7847222222222222
      },
      "2nd Round": {
         "5": 0.5540540540540541,
         "12": 0.6666666666666666
      },
      "Sweet Sixteen": {
         "1": 0.2727272727272727,
         "8": 0.4444444444444444,
         "9": 0.6666666666666666
      },
      "Regional Finals": {
         "2": 0.6666666666666666,
         "3": 0.6,
         "6": 0.6666666666666666,
         "7": 0.4,
         "10": 1.0
      }
   },
   "5": {
      "1st Round": {
         "12": 0.6458333333333334
      },
      "2nd Round": {
         "4": 0.44594594594594594,
         "13": 0.8421052631578947
      },
      "Sweet Sixteen": {
         "1": 0.18181818181818182,
         "8": 0.0,
         "9": 0.3333333333333333
      },
      "Regional Finals": {
         "2": 1.0,
         "3": 0.3333333333333333,
         "6": 1.0,
         "10": 1.0
      }
   },
   "6": {
      "1st Round": {
         "11": 0.625
      },
      "2nd Round": {
         "3": 0.3918918918918919,
         "14": 0.875
      },
      "Sweet Sixteen": {
         "2": 0.20689655172413793,
         "7": 0.625,
         "10": 0.6666666666666666
      },
      "Regional Finals": {
         "1": 0.2,
         "4": 0.3333333333333333,
         "5": 0.0,
         "8": 0.0
      }
   },
   "7": {
      "1st Round": {
         "10": 0.6041666666666666
      },
      "2nd Round": {
         "2": 0.3132530120481928,
         "15": 0.5
      },
      "Sweet Sixteen": {
         "3": 0.4,
         "6": 0.375,
         "11": 0.0,
         "14": 1.0
      },
      "Regional Finals": {
         "1": 0.0,
         "4": 0.6,
         "8": 0.0
      }
   },
   "8": {
      "1st Round": {
         "9": 0.4930555555555556
      },
      "2nd Round": {
         "1": 0.19718309859154928
      },
      "Sweet Sixteen": {
         "4": 0.5555555555555556,
         "5": 1.0,
         "12": 0.0,
         "13": 1.0
      },
      "Regional Finals": {
         "2": 0.6,
         "3": 0.0,
         "6": 1.0,
         "7": 1.0
      }
   },
   "9": {
      "1st Round": {
         "8": 0.5069444444444444
      },
      "2nd Round": {
         "1": 0.08333333333333333,
         "16": 1.0
      },
      "Sweet Sixteen": {
         "4": 0.3333333333333333,
         "5": 0.6666666666666666,
         "13": 1.0
      },
      "Regional Finals": {
         "2": 1.0,
         "3": 0.0,
         "11": 0.0
      }
   },
   "10": {
      "1st Round": {
         "7": 0.3958333333333333
      },
      "2nd Round": {
         "2": 0.34615384615384615,
         "15": 1.0
      },
      "Sweet Sixteen": {
         "3": 0.3076923076923077,
         "6": 0.3333333333333333,
         "11": 0.3333333333333333,
         "14": 1.0
      },
      "Regional Finals": {
         "1": 0.2,
         "4": 0.0,
         "5": 0.0
      }
   },
   "11": {
      "1st Round": {
         "6": 0.375
      },
      "2nd Round": {
         "3": 0.375,
         "14": 1.0
      },
      "Sweet Sixteen": {
         "2": 0.17647058823529413,
         "7": 1.0,
         "10": 0.6666666666666666
      },
      "Regional Finals": {
         "1": 0.5,
         "9": 0.0
      }
   },
   "12": {
      "1st Round": {
         "5": 0.3541666666666667
      },
      "2nd Round": {
         "4": 0.3333333333333333,
         "13": 0.75
      },
      "Sweet Sixteen": {
         "1": 0.0,
         "8": 1.0
      },
      "Regional Finals": {
         "2": 0.0
      }
   },
   "13": {
      "1st Round": {
         "4": 0.2152777777777778
      },
      "2nd Round": {
         "5": 0.15789473684210525,
         "12": 0.25
      },
      "Sweet Sixteen": {
         "1": 0.0,
         "8": 0.0,
         "9": 0.0
      }
   },
   "14": {
      "1st Round": {
         "3": 0.1527777777777778
      },
      "2nd Round": {
         "6": 0.125,
         "11": 0.0
      },
      "Sweet Sixteen": {
         "7": 0.0,
         "10": 0.0
      }
   },
   "15": {
      "1st Round": {
         "2": 0.0625
      },
      "2nd Round": {
         "7": 0.5,
         "10": 0.0
      },
      "Sweet Sixteen": {
         "3": 0.0
      }
   },
   "16": {
      "1st Round": {
         "1": 0.006944444444444444
      },
      "2nd Round": {
         "9": 0.0
      }
   }
}